{
  "a": {
    "default_threshold": {
      "f1": 0.4092526690391459,
      "auc_pr": 0.8005754427137259,
      "auc_roc": 0.9611783517053697,
      "precision": 0.2693208430913349,
      "recall": 0.8518518518518519,
      "confusion_matrix": [
        [
          20050,
          936
        ],
        [
          60,
          345
        ]
      ],
      "n_samples": 21391,
      "n_fraud": 405
    },
    "optimal_threshold": {
      "threshold": 0.9500000000000002,
      "f1": 0.7564894932014833,
      "auc_pr": 0.8005754427137259,
      "auc_roc": 0.9611783517053697,
      "precision": 0.7574257425742574,
      "recall": 0.7555555555555555,
      "confusion_matrix": [
        [
          20888,
          98
        ],
        [
          99,
          306
        ]
      ],
      "n_samples": 21391,
      "n_fraud": 405
    }
  },
  "b": {
    "default_threshold": {
      "f1": 0.5644209872710338,
      "auc_pr": 0.7917354155905657,
      "auc_roc": 0.9605569282334757,
      "precision": 0.4267605633802817,
      "recall": 0.8331805682859762,
      "confusion_matrix": [
        [
          29528,
          1221
        ],
        [
          182,
          909
        ]
      ],
      "n_samples": 31840,
      "n_fraud": 1091
    },
    "optimal_threshold": {
      "threshold": 0.9400000000000002,
      "f1": 0.7564819522114896,
      "auc_pr": 0.7917354155905657,
      "auc_roc": 0.9605569282334757,
      "precision": 0.8493150684931506,
      "recall": 0.6819431714023831,
      "confusion_matrix": [
        [
          30617,
          132
        ],
        [
          347,
          744
        ]
      ],
      "n_samples": 31840,
      "n_fraud": 1091
    }
  },
  "c": {
    "default_threshold": {
      "f1": 0.5458672719989318,
      "auc_pr": 0.7082084578254352,
      "auc_roc": 0.9434830135095092,
      "precision": 0.4211827735421389,
      "recall": 0.7754172989377845,
      "confusion_matrix": [
        [
          59433,
          2809
        ],
        [
          592,
          2044
        ]
      ],
      "n_samples": 64878,
      "n_fraud": 2636
    },
    "optimal_threshold": {
      "threshold": 0.8900000000000001,
      "f1": 0.6705636743215031,
      "auc_pr": 0.7082084578254352,
      "auc_roc": 0.9434830135095092,
      "precision": 0.7455896007428041,
      "recall": 0.6092564491654021,
      "confusion_matrix": [
        [
          61694,
          548
        ],
        [
          1030,
          1606
        ]
      ],
      "n_samples": 64878,
      "n_fraud": 2636
    }
  }
}